Date,Name,Year,Letterboxd URI,Rating
2024-01-25,Killers of the Flower Moon,2023,https://boxd.it/gHp0,5
2024-01-25,Spider-Man: Across the Spider-Verse,2023,https://boxd.it/kSz4,4
2024-01-25,Tenet,2020,https://boxd.it/leq4,4
2024-01-25,Interstellar,2014,https://boxd.it/4VZ8,5
2024-01-25,Inception,2010,https://boxd.it/1skk,5
2024-01-25,Dunkirk,2017,https://boxd.it/d0Y6,4.5
2024-01-25,Memento,2000,https://boxd.it/2bcK,4.5
2024-01-25,The Prestige,2006,https://boxd.it/293w,5
2024-01-25,Insomnia,2002,https://boxd.it/2aB0,4
2024-01-25,Batman v Superman: Dawn of Justice,2016,https://boxd.it/6fBW,2.5
2024-01-25,Justice League,2017,https://boxd.it/4w68,1
2024-01-25,Transcendence,2014,https://boxd.it/4VSQ,2
2024-01-25,Zack Snyder's Justice League,2021,https://boxd.it/tLOk,2.5
2024-01-25,Shutter Island,2010,https://boxd.it/1U82,5
2024-01-25,The Departed,2006,https://boxd.it/28MA,5
2024-01-25,The Irishman,2019,https://boxd.it/dYOq,5
2024-01-25,The Aviator,2004,https://boxd.it/26BU,3
2024-01-25,Pulp Fiction,1994,https://boxd.it/29Pq,5
2024-01-25,Inglourious Basterds,2009,https://boxd.it/1JzG,5
2024-01-25,Kill Bill: Vol. 1,2003,https://boxd.it/70w,3.5
2024-01-25,Kill Bill: Vol. 2,2004,https://boxd.it/2au4,3.5
2024-01-25,Prisoners,2013,https://boxd.it/4E5i,5
2024-01-25,Howl's Moving Castle,2004,https://boxd.it/23De,4
2024-01-25,The Iron Giant,1999,https://boxd.it/1Wow,4
2024-01-25,The Grand Budapest Hotel,2014,https://boxd.it/3ZqO,4
2024-01-25,Fantastic Mr. Fox,2009,https://boxd.it/1WyQ,5
2024-01-25,The Incredibles,2004,https://boxd.it/1XLm,4.5
2024-01-25,Incredibles 2,2018,https://boxd.it/7IPg,4
2024-01-25,The Incredible Hulk,2008,https://boxd.it/28dU,3.5
2024-01-25,Guardians of the Galaxy,2014,https://boxd.it/3VH2,4
2024-01-25,Guardians of the Galaxy Vol. 3,2023,https://boxd.it/fVNI,4
2024-01-25,Thor: Ragnarok,2017,https://boxd.it/8MHi,3
2024-01-25,Guardians of the Galaxy Vol. 2,2017,https://boxd.it/8MxC,3.5
2024-01-25,Iron Man,2008,https://boxd.it/28dA,4
2024-01-25,Doctor Strange,2016,https://boxd.it/8MH8,3
2024-01-25,Captain America: Civil War,2016,https://boxd.it/89Ja,4
2024-01-25,Avengers: Age of Ultron,2015,https://boxd.it/3qi6,3
2024-01-25,Ant-Man,2015,https://boxd.it/3vmW,2
2024-01-25,Iron Man 3,2013,https://boxd.it/2cBQ,3
2024-01-25,Thor,2011,https://boxd.it/1WQU,3
2024-01-25,Eternals,2021,https://boxd.it/j36o,3
2024-01-25,Ant-Man and the Wasp,2018,https://boxd.it/cqUW,2
2024-01-25,The Amazing Spider-Man 2,2014,https://boxd.it/3utM,3.5
2024-01-25,Ant-Man and the Wasp: Quantumania,2023,https://boxd.it/nL2y,1
2024-01-25,Thor: The Dark World,2013,https://boxd.it/2DqA,3
2024-01-25,WandaVision,2021,https://boxd.it/sbGW,3.5
2024-01-25,Moon Knight,2022,https://boxd.it/zeDq,1
2024-01-25,The Falcon and the Winter Soldier,2021,https://boxd.it/sbH6,3
2024-01-25,Hawkeye,2021,https://boxd.it/xQqK,3
2024-01-25,The Batman,2022,https://boxd.it/eDGs,4.5
2024-01-25,Wonder Woman,2017,https://boxd.it/9roG,2.5
2024-01-25,Wonder Woman 1984,2020,https://boxd.it/gBtA,1.5
2024-01-25,The Lord of the Rings: The Fellowship of the Ring,2001,https://boxd.it/2b5O,5
2024-01-25,The Lord of the Rings: The Return of the King,2003,https://boxd.it/2b5u,5
2024-01-25,The Lord of the Rings: The Two Towers,2002,https://boxd.it/2b5E,5
2024-01-25,The Hobbit: An Unexpected Journey,2012,https://boxd.it/GZk,4
2024-01-25,The Hobbit: The Desolation of Smaug,2013,https://boxd.it/nmS,4
2024-01-25,The Hobbit: The Battle of the Five Armies,2014,https://boxd.it/43aU,3
2024-01-25,Harry Potter and the Philosopher's Stone,2001,https://boxd.it/29QS,3
2024-01-25,Harry Potter and the Goblet of Fire,2005,https://boxd.it/29Qo,4
2024-01-25,Harry Potter and the Chamber of Secrets,2002,https://boxd.it/29QI,3
2024-01-25,Harry Potter and the Deathly Hallows: Part 2,2011,https://boxd.it/1RYk,4
2024-01-25,Harry Potter and the Deathly Hallows: Part 1,2010,https://boxd.it/1RYu,4
2024-01-25,Star Wars,1977,https://boxd.it/72s,4.5
2024-01-25,The Empire Strikes Back,1980,https://boxd.it/27Vw,5
2024-01-25,Raiders of the Lost Ark,1981,https://boxd.it/2bbs,4
2024-01-25,Indiana Jones and the Last Crusade,1989,https://boxd.it/2baO,4
2024-01-25,Indiana Jones and the Temple of Doom,1984,https://boxd.it/2bb8,3.5
2024-01-25,Catch Me If You Can,2002,https://boxd.it/29VS,4
2024-01-25,Jurassic Park,1993,https://boxd.it/2aA2,4
2024-01-25,Jaws,1975,https://boxd.it/2a5e,4.5
2024-01-25,Saving Private Ryan,1998,https://boxd.it/29ro,4
2024-01-25,The Fabelmans,2022,https://boxd.it/ugoM,3.5
2024-01-25,E.T. the Extra-Terrestrial,1982,https://boxd.it/2a1G,4
2024-01-25,Ready Player One,2018,https://boxd.it/aZes,3
2024-01-25,The Terminal,2004,https://boxd.it/2a2O,4
2024-01-25,The Lost World: Jurassic Park,1997,https://boxd.it/2azS,2.5
2024-01-25,War of the Worlds,2005,https://boxd.it/2bde,3
2024-01-25,The Adventures of Tintin,2011,https://boxd.it/1Irc,4
2024-01-25,The BFG,2016,https://boxd.it/81cs,2
2024-01-25,The Godfather,1972,https://boxd.it/2aNK,5
2024-01-25,The Godfather Part II,1974,https://boxd.it/2aNq,5
2024-01-25,Aquaman,2018,https://boxd.it/9ru0,2
2024-01-25,Hulk,2003,https://boxd.it/27PS,2.5
2024-01-25,Daredevil,2003,https://boxd.it/1YzG,2
2024-01-25,Adventure Time,2007,https://boxd.it/bZZ6,4.5
2024-01-25,Adventure Time: Distant Lands,2020,https://boxd.it/qXPI,4
2024-01-25,Geng: The Adventure Begins,2009,https://boxd.it/2eUK,3
2024-01-25,BoBoiBoy: The Movie,2016,https://boxd.it/d8Zw,2.5
2024-01-25,BoBoiBoy: Elemental Heroes,2019,https://boxd.it/mN7o,2.5
2024-01-25,Crossroads: One Two Jaga,2018,https://boxd.it/iXvW,3.5
2024-01-25,Spider-Man 2,2004,https://boxd.it/2a88,4
2024-01-25,Spider-Man,2002,https://boxd.it/2a8i,3.5
2024-01-25,Spider-Man 3,2007,https://boxd.it/2a7Y,3
2024-01-25,Oz the Great and Powerful,2013,https://boxd.it/2cAI,2
2024-01-25,Finding Nemo,2003,https://boxd.it/72i,4
2024-01-25,Frozen,2013,https://boxd.it/3GNa,3.5
2024-01-25,Mulan,1998,https://boxd.it/1VFw,4
2024-01-25,Aladdin,1992,https://boxd.it/29yE,3
2024-01-25,Beauty and the Beast,1991,https://boxd.it/1XhG,3
2024-01-25,Hercules,1997,https://boxd.it/1SDW,4
2024-01-25,High School Musical 2,2007,https://boxd.it/1PIu,2
2024-01-25,The Hunchback of Notre Dame,1996,https://boxd.it/1VZQ,3.5
2024-01-25,A Christmas Carol,2009,https://boxd.it/1HKW,3
2024-01-25,Tomorrowland,2015,https://boxd.it/4YaC,3
2024-01-25,Planes,2013,https://boxd.it/4Na2,1.5
2024-01-25,Cars 2,2011,https://boxd.it/H4Y,2.5
2024-01-25,Cars 3,2017,https://boxd.it/7IPq,4
2024-01-25,300: Rise of an Empire,2014,https://boxd.it/xaC,2
2024-01-25,Bullet Train,2022,https://boxd.it/qW26,3.5
2024-01-25,Up,2009,https://boxd.it/1OEc,3.5
2024-01-25,For the Birds,2000,https://boxd.it/1P6K,3
2024-01-25,Ratatouille,2007,https://boxd.it/27ww,4.5
2024-01-25,Coco,2017,https://boxd.it/bYJQ,3
2024-01-25,WALL·E,2008,https://boxd.it/1VEo,5
2024-01-25,Toy Story,1995,https://boxd.it/29qA,4
2024-01-25,"Monsters, Inc.",2001,https://boxd.it/2a46,4
2024-01-25,Toy Story 4,2019,https://boxd.it/9ALu,3
2024-01-25,Finding Dory,2016,https://boxd.it/4aAA,3
2024-01-25,The Good Dinosaur,2015,https://boxd.it/3AD4,2
2024-01-25,Geri's Game,1997,https://boxd.it/1P6U,4
2024-01-25,1917,2019,https://boxd.it/jj4y,4.5
2024-01-25,Shrek,2001,https://boxd.it/29zi,3
2024-01-25,Green Book,2018,https://boxd.it/hErk,4
2024-01-25,Tropic Thunder,2008,https://boxd.it/20WM,4
2024-01-25,Transformers,2007,https://boxd.it/280c,3
2024-01-25,Chicken Run,2000,https://boxd.it/20Xg,2.5
2024-01-25,Real Steel,2011,https://boxd.it/147m,3.5
2024-01-25,Memoirs of a Geisha,2005,https://boxd.it/27TA,3
2024-01-25,Little Fockers,2010,https://boxd.it/13Ea,1
2024-01-25,Deep Impact,1998,https://boxd.it/1ZYM,1
2024-01-25,I Am Number Four,2011,https://boxd.it/MXY,1.5
2024-01-25,Collateral,2004,https://boxd.it/28F0,4.5
2024-01-25,The Truman Show,1998,https://boxd.it/18U8,4
2024-01-25,Forrest Gump,1994,https://boxd.it/728,5
2024-01-25,Top Gun: Maverick,2022,https://boxd.it/cjr4,3.5
2024-01-25,Titanic,1997,https://boxd.it/2a2k,3.5
2024-01-25,Mean Girls,2004,https://boxd.it/1VNg,3
2024-01-25,A Quiet Place,2018,https://boxd.it/fVJQ,3
2024-01-25,Zodiac,2007,https://boxd.it/27MO,5
2024-01-25,Gone Girl,2014,https://boxd.it/6hQu,4.5
2024-01-25,Se7en,1995,https://boxd.it/29zs,5
2024-01-25,The Social Network,2010,https://boxd.it/17ue,5
2024-01-25,The Girl with the Dragon Tattoo,2011,https://boxd.it/2Pa,3.5
2024-01-25,The Game,1997,https://boxd.it/26vC,3.5
2024-01-25,"Love, Death & Robots: Bad Travelling",2022,https://boxd.it/BykM,3.5
2024-01-25,The Big Short,2015,https://boxd.it/ajZw,4.5
2024-01-25,Mission: Impossible – Dead Reckoning,2023,https://boxd.it/l7zS,4
2024-01-25,Rocketman,2019,https://boxd.it/iehK,3
2024-01-25,Rango,2011,https://boxd.it/QPk,4
2024-01-25,Mission: Impossible – Rogue Nation,2015,https://boxd.it/5rI4,4
2024-01-25,The Elephant Man,1980,https://boxd.it/27LQ,4
2024-01-25,Sonic the Hedgehog,2020,https://boxd.it/gdK8,2.5
2024-01-25,The SpongeBob SquarePants Movie,2004,https://boxd.it/1SYq,3
2024-01-25,True Grit,2010,https://boxd.it/Sog,3
2024-01-25,No Country for Old Men,2007,https://boxd.it/21ew,5
2024-01-25,Mission: Impossible II,2000,https://boxd.it/29cS,1.5
2024-01-25,Super 8,2011,https://boxd.it/dVI,3
2024-01-25,Star Trek Into Darkness,2013,https://boxd.it/uYE,2
2024-01-25,Transformers: Revenge of the Fallen,2009,https://boxd.it/20gG,1
2024-01-25,Transformers: Dark of the Moon,2011,https://boxd.it/16aC,3.5
2024-01-25,Madagascar 3: Europe's Most Wanted,2012,https://boxd.it/2NF6,3
2024-01-25,Star Trek Beyond,2016,https://boxd.it/5Ik4,2.5
2024-01-25,Baywatch,2017,https://boxd.it/biG6,1
2024-01-25,The Last Airbender,2010,https://boxd.it/1WQK,1
2024-01-25,Transformers: Age of Extinction,2014,https://boxd.it/3d1m,2
2024-01-25,Terminator: Dark Fate,2019,https://boxd.it/96YI,1.5
2024-01-25,Flight,2012,https://boxd.it/35Ca,3
2024-01-25,Jack Reacher,2012,https://boxd.it/2BUo,2.5
2024-01-25,Fences,2016,https://boxd.it/dL6A,4
2024-01-25,Downsizing,2017,https://boxd.it/9Ajq,1
2024-01-25,Transformers: The Last Knight,2017,https://boxd.it/b8xo,1
2024-01-25,The Italian Job,2003,https://boxd.it/1Y86,1.5
2024-01-25,Teenage Mutant Ninja Turtles,2014,https://boxd.it/3oAs,1
2024-01-25,Terminator Genisys,2015,https://boxd.it/35s0,1.5
2024-01-25,The SpongeBob Movie: Sponge Out of Water,2015,https://boxd.it/6JxU,2
2024-01-25,The Spiderwick Chronicles,2008,https://boxd.it/20v2,2
2024-01-25,Teenage Mutant Ninja Turtles: Out of the Shadows,2016,https://boxd.it/9T2e,1
2024-01-25,G.I. Joe: The Rise of Cobra,2009,https://boxd.it/1Ndu,1
2024-01-25,Dora and the Lost City of Gold,2019,https://boxd.it/i1VW,1.5
2024-01-25,Hercules,2014,https://boxd.it/5B7s,1
2024-01-25,The Mask,1994,https://boxd.it/29rS,3
2024-01-25,Bruce Almighty,2003,https://boxd.it/2aCC,2.5
2024-01-25,Dumb and Dumber,1994,https://boxd.it/206m,2
2024-01-25,Batman Forever,1995,https://boxd.it/2ara,2
2024-01-25,Yes Man,2008,https://boxd.it/1WPW,3.5
2024-01-25,Liar Liar,1997,https://boxd.it/28sg,3
2024-01-25,Suicide Squad,2016,https://boxd.it/9row,1.5
2024-01-25,Men in Black,1997,https://boxd.it/2a0I,3
2024-01-25,The Pursuit of Happyness,2006,https://boxd.it/28PE,3.5
2024-01-25,I Am Legend,2007,https://boxd.it/21DG,3
2024-01-25,Shark Tale,2004,https://boxd.it/1VYe,3
2024-01-25,Independence Day,1996,https://boxd.it/2a1w,2.5
2024-01-25,Hancock,2008,https://boxd.it/1Zv6,2.5
2024-01-25,"I, Robot",2004,https://boxd.it/27y8,2.5
2024-01-25,Men in Black 3,2012,https://boxd.it/103U,3
2024-01-25,Men in Black II,2002,https://boxd.it/2a0y,2
2024-01-25,Focus,2015,https://boxd.it/7zl2,3
2024-01-25,Bright,2017,https://boxd.it/e1H8,1.5
2024-01-25,Gemini Man,2019,https://boxd.it/gaUu,1.5
2024-01-25,After Earth,2013,https://boxd.it/2TSg,1
2024-01-25,Enemy of the State,1998,https://boxd.it/1XME,3.5
2024-01-25,Seven Pounds,2008,https://boxd.it/1U8w,3.5
2024-01-25,The Martian,2015,https://boxd.it/8SeG,3
2024-01-25,Deadpool 2,2018,https://boxd.it/dlLM,2
2024-01-25,The Bourne Identity,2002,https://boxd.it/26EO,3
2024-01-25,The Bourne Ultimatum,2007,https://boxd.it/26Eu,4
2024-01-25,The Bourne Supremacy,2004,https://boxd.it/26EE,3
2024-01-25,Elysium,2013,https://boxd.it/2cBm,1.5
2024-01-25,Jason Bourne,2016,https://boxd.it/ayYy,4
2024-01-25,The Great Wall,2016,https://boxd.it/a04c,2
2024-01-25,John Wick,2014,https://boxd.it/7dEc,3
2024-01-25,Deadpool,2016,https://boxd.it/9fOC,3
2024-01-25,Avatar,2009,https://boxd.it/1Efm,2
2024-01-25,Logan,2017,https://boxd.it/7Piy,4.5
2024-01-25,Kingsman: The Secret Service,2014,https://boxd.it/6dxe,3
2024-01-25,X-Men: Days of Future Past,2014,https://boxd.it/4aRw,4
2024-01-25,Ice Age,2002,https://boxd.it/2apS,3
2024-01-25,The Maze Runner,2014,https://boxd.it/5YPM,2
2024-01-25,Night at the Museum,2006,https://boxd.it/28wi,3
2024-01-25,X-Men: First Class,2011,https://boxd.it/FOA,4
2024-01-25,Ad Astra,2019,https://boxd.it/ePzI,3
2024-01-25,Kingsman: The Golden Circle,2017,https://boxd.it/buJm,2
2024-01-25,X-Men,2000,https://boxd.it/1a7s,3
2024-01-25,X-Men: Apocalypse,2016,https://boxd.it/7eJi,1.5
2024-01-25,Predator,1987,https://boxd.it/2b84,3
2024-01-25,X2,2003,https://boxd.it/1a7i,3
2024-01-25,Alita: Battle Angel,2019,https://boxd.it/e0rS,2
2024-01-25,X-Men: The Last Stand,2006,https://boxd.it/1a5Q,1
2024-01-25,X-Men Origins: Wolverine,2009,https://boxd.it/27ug,2
2024-01-25,Dark Phoenix,2019,https://boxd.it/anyO,1
2024-01-25,Robots,2005,https://boxd.it/1Xve,3.5
2024-01-25,Taken,2008,https://boxd.it/1ZXa,3
2024-01-25,Fantastic Four,2005,https://boxd.it/1XVw,2
2024-01-25,Rio,2011,https://boxd.it/NKc,3
2024-01-25,Ice Age: The Meltdown,2006,https://boxd.it/2wRk,3
2024-01-25,The Day After Tomorrow,2004,https://boxd.it/2aog,3
2024-01-25,Alvin and the Chipmunks,2007,https://boxd.it/21E0,1.5
2024-01-25,Maze Runner: The Scorch Trials,2015,https://boxd.it/9hwA,1.5
2024-01-25,Chronicle,2012,https://boxd.it/2Emk,3
2024-01-25,Maze Runner: The Death Cure,2018,https://boxd.it/bakw,1.5
2024-01-25,Night at the Museum: Battle of the Smithsonian,2009,https://boxd.it/1H7U,2
2024-01-25,Fantastic Four: Rise of the Silver Surfer,2007,https://boxd.it/27Ii,3
2024-01-25,Ice Age: Continental Drift,2012,https://boxd.it/lQ2,2
2024-01-25,Fantastic Four,2015,https://boxd.it/5a9c,1
2024-01-25,Kingdom of Heaven,2005,https://boxd.it/28Gs,4
2024-01-25,The Last of the Mohicans,1992,https://boxd.it/1YSo,4
2024-01-25,Home,2015,https://boxd.it/6JxA,2
2024-01-25,Epic,2013,https://boxd.it/3SNm,2
2024-01-25,Taken 3,2014,https://boxd.it/7Iqq,1.5
2024-01-25,Elektra,2005,https://boxd.it/1XsE,1
2024-01-25,Victor Frankenstein,2015,https://boxd.it/6JqY,3
2024-01-25,Turning Red,2022,https://boxd.it/ipkq,0.5
2024-01-25,Munafik,2016,https://boxd.it/dqPE,0.5
2024-01-25,Munafik 2,2018,https://boxd.it/jSbu,0.5
2024-01-25,KL Gangster,2011,https://boxd.it/2bRo,0.5
2024-01-25,KL Gangster 2,2013,https://boxd.it/6t6I,0.5
2024-01-25,Heat,1995,https://boxd.it/2bg8,4.5
2024-01-25,Public Enemies,2009,https://boxd.it/1U8m,2.5
2024-01-25,The Assassination of Jesse James by the Coward Robert Ford,2007,https://boxd.it/24dG,5
2024-01-25,Megamind,2010,https://boxd.it/16Sk,3.5
2024-01-25,Twelve Monkeys,1995,https://boxd.it/2beQ,4
2024-01-25,Troy,2004,https://boxd.it/29TW,4
2024-01-25,Babel,2006,https://boxd.it/292o,4
2024-01-25,Legends of the Fall,1994,https://boxd.it/24ho,3
2024-01-25,L.A. Confidential,1997,https://boxd.it/27oC,5
2024-01-26,Split,2016,https://boxd.it/dgSy,4
2024-01-26,The Sixth Sense,1999,https://boxd.it/29Js,4
2024-01-26,Glass,2019,https://boxd.it/g3uO,2
2024-01-26,Unbreakable,2000,https://boxd.it/1XV2,3
2024-01-26,Signs,2002,https://boxd.it/26t2,3
2024-01-26,The Village,2004,https://boxd.it/21iS,4
2024-01-26,It Chapter Two,2019,https://boxd.it/h10u,1.5
2024-01-26,"The Chronicles of Narnia: The Lion, the Witch and the Wardrobe",2005,https://boxd.it/2ark,2.5
2024-01-26,Wanted,2008,https://boxd.it/1ZBS,2
2024-01-26,The Black Phone,2021,https://boxd.it/sqFE,2
2024-01-26,Love Actually,2003,https://boxd.it/2aeU,3
2024-01-26,The Green Mile,1999,https://boxd.it/2agG,5
2024-01-26,Knives Out,2019,https://boxd.it/jWEA,4
2024-01-26,Star Wars: The Force Awakens,2015,https://boxd.it/4vru,3
2024-01-26,Skyfall,2012,https://boxd.it/17Fc,4.5
2024-01-26,Casino Royale,2006,https://boxd.it/1alk,3
2024-01-26,Spectre,2015,https://boxd.it/6bXY,2
2024-01-26,Quantum of Solace,2008,https://boxd.it/1Vs8,2
2024-01-26,Battleship,2012,https://boxd.it/QZ0,1.5
2024-01-26,The Menu,2022,https://boxd.it/lScm,3
2024-01-26,The Lego Movie 2: The Second Part,2019,https://boxd.it/8BAU,2
2024-01-26,Wallace & Gromit: The Curse of the Were-Rabbit,2005,https://boxd.it/2ac0,3
2024-01-27,"Take the Ball, Pass the Ball",2018,https://boxd.it/kjds,4
2024-01-27,George Lucas: Creating an Empire,2005,https://boxd.it/8v4I,4
2024-01-27,The Guilty,2021,https://boxd.it/kOPW,3.5
2024-01-27,Knight and Day,2010,https://boxd.it/17po,2
2024-01-27,Jerry Maguire,1996,https://boxd.it/1YNS,3.5
2024-01-27,A Few Good Men,1992,https://boxd.it/29nw,4
2024-01-27,The Last Samurai,2003,https://boxd.it/29ZA,3
2024-01-27,Sherlock Holmes,2009,https://boxd.it/1W2A,2.5
2024-01-27,Chef,2014,https://boxd.it/6lCG,3.5
2024-01-27,42,2013,https://boxd.it/3GBo,3.5
2024-01-27,Gods of Egypt,2016,https://boxd.it/6aje,1.5
2024-01-27,Marshall,2017,https://boxd.it/dJWa,3
2024-01-27,Turbo,2013,https://boxd.it/2Hzw,2
2024-01-27,RoboCop,2014,https://boxd.it/3m4k,3
2024-01-27,Moneyball,2011,https://boxd.it/glS,3.5
2024-01-27,Honey Boy,2019,https://boxd.it/ixvm,4
2024-01-27,Wind River,2017,https://boxd.it/dR3i,3
2024-01-27,Miracle in Cell No. 7,2019,https://boxd.it/nFrM,3
2024-01-27,Pee Mak,2013,https://boxd.it/5AUI,3
2024-01-27,Nang Nak,1999,https://boxd.it/SMi,3
2024-01-27,Satan's Slaves,2017,https://boxd.it/gJ1E,3
2024-01-27,Don't Look Back,2007,https://boxd.it/6LtA,1
2024-01-27,Jangan Pandang Belakang Congkak,2009,https://boxd.it/24e,1
2024-01-27,Jangan Pandang Belakang Congkak 2,2010,https://boxd.it/7kky,1
2024-01-27,Nur Kasih The Movie,2011,https://boxd.it/2hrc,2
2024-01-27,Evolution of KL Drift 2,2010,https://boxd.it/7jwy,0.5
2024-01-27,Juvana,2013,https://boxd.it/5cba,2
2024-01-27,The Three Bachelor Warriors,1959,https://boxd.it/2u2Y,3
2024-01-27,Seniman Bujang Lapok,1961,https://boxd.it/2u2E,3.5
2024-01-27,Tiga Abdul,1964,https://boxd.it/3csQ,2.5
2024-01-27,Bujang Lapok,1957,https://boxd.it/2u3M,3
2024-01-27,Ali Baba Bujang Lapok,1961,https://boxd.it/2u2O,2.5
2024-01-27,Madu Tiga,1964,https://boxd.it/3czs,3
2024-01-27,Labu dan Labi,1962,https://boxd.it/3czM,3
2024-01-27,Ahmad Albab,1968,https://boxd.it/2u6Q,3.5
2024-01-27,Anak-Ku Sazali,1956,https://boxd.it/2u4g,3
2024-01-27,Laksamana Do Re Mi,1972,https://boxd.it/3czC,3
2024-01-27,Sausage Party,2016,https://boxd.it/6CCe,0.5
2024-01-27,Good Will Hunting,1997,https://boxd.it/2ahY,4
2024-01-27,Flubber,1997,https://boxd.it/1YkQ,3
2024-01-27,Bicentennial Man,1999,https://boxd.it/2722,3.5
2024-01-27,Happy Feet,2006,https://boxd.it/1XH0,2
2024-01-27,The Intern,2015,https://boxd.it/7AOE,3.5
2024-01-27,Joker,2019,https://boxd.it/h4cS,3
2024-01-27,Les Misérables,2012,https://boxd.it/2TT4,4
2024-01-27,A Star Is Born,2018,https://boxd.it/aXgc,3
2024-01-27,Maestro,2023,https://boxd.it/j0DE,2.5
2024-01-27,American Sniper,2014,https://boxd.it/5LDy,3
2024-01-27,Burnt,2015,https://boxd.it/9mVg,4
2024-01-27,Free Guy,2021,https://boxd.it/k8dm,2
2024-01-27,Rise of the Guardians,2012,https://boxd.it/2PXw,4
2024-01-27,Flushed Away,2006,https://boxd.it/1Tpm,4
2024-01-27,Chappie,2015,https://boxd.it/5Y3e,3
2024-01-27,Pan,2015,https://boxd.it/7XYi,1.5
2024-01-27,Swordfish,2001,https://boxd.it/1Y0m,2
2024-01-27,Jennifer's Body,2009,https://boxd.it/1Efw,2
2024-01-27,In Time,2011,https://boxd.it/FPS,3.5
2024-01-27,Red Riding Hood,2011,https://boxd.it/Fle,1.5
2024-01-27,Fantastic Beasts and Where to Find Them,2016,https://boxd.it/7FPC,3
2024-01-27,The Theory of Everything,2014,https://boxd.it/7YtA,3.5
2024-01-27,The Good Nurse,2022,https://boxd.it/jIXI,3
2024-01-27,Jupiter Ascending,2015,https://boxd.it/2Evm,1.5
2024-01-27,Charlie and the Chocolate Factory,2005,https://boxd.it/2b68,3
2024-01-27,Corpse Bride,2005,https://boxd.it/24WQ,4
2024-01-27,Alice in Wonderland,2010,https://boxd.it/1Spq,2.5
2024-01-27,Cinderella,2015,https://boxd.it/4KX6,2.5
2024-01-27,The Lone Ranger,2013,https://boxd.it/ngU,3
2024-01-27,How to Train Your Dragon 2,2014,https://boxd.it/2TRW,4
2024-01-27,How to Train Your Dragon,2010,https://boxd.it/1WRy,4
2024-01-27,How to Train Your Dragon: The Hidden World,2019,https://boxd.it/5a9w,3.5
2024-01-27,Yesterday,2019,https://boxd.it/iF7M,2.5
2024-01-27,Pirates of the Caribbean: Dead Man's Chest,2006,https://boxd.it/2bfk,4
2024-01-27,Pirates of the Caribbean: At World's End,2007,https://boxd.it/2aGu,4.5
2024-01-27,King Arthur: Legend of the Sword,2017,https://boxd.it/8lDS,2
2024-01-27,Pacific Rim,2013,https://boxd.it/2cB2,2
2024-01-27,Triple Frontier,2019,https://boxd.it/dZUO,3.5
2024-01-27,The Equalizer,2014,https://boxd.it/4TUK,3.5
2024-01-27,Man on Fire,2004,https://boxd.it/1Yvk,3
2024-01-27,John Q,2002,https://boxd.it/205S,3.5
2024-01-27,Pacific Rim: Uprising,2018,https://boxd.it/83Qa,1.5
2024-01-27,The Man from U.N.C.L.E.,2015,https://boxd.it/67lG,4
2024-01-27,Everest,2015,https://boxd.it/7r7Q,2.5
2024-01-27,Mystic River,2003,https://boxd.it/2aAG,4
2024-01-27,The Angry Birds Movie,2016,https://boxd.it/4PBu,1
2024-01-27,I Am Sam,2001,https://boxd.it/1V04,3
2024-01-27,Green Lantern,2011,https://boxd.it/QN4,1
2024-01-27,"Crazy, Stupid, Love.",2011,https://boxd.it/D9A,3
2024-01-27,Tremors,1990,https://boxd.it/1YSe,1
2024-01-27,R.I.P.D.,2013,https://boxd.it/FQQ,1
2024-01-27,Dragonball Evolution,2009,https://boxd.it/1ODy,0.5
2024-01-27,Rogue One: A Star Wars Story,2016,https://boxd.it/aPvy,4
2024-01-29,Munich – The Edge of War,2021,https://boxd.it/sy84,3.5
2024-01-29,I Came By,2022,https://boxd.it/wbVg,3
2024-01-29,Shazam!,2019,https://boxd.it/8WBu,2
2024-01-29,The Imitation Game,2014,https://boxd.it/6aig,4
2024-01-29,John Carter,2012,https://boxd.it/FQ2,1.5
2024-01-29,The Machinist,2004,https://boxd.it/248c,4
2024-01-29,The Pale Blue Eye,2022,https://boxd.it/u8tk,4
2024-01-29,Reign of Fire,2002,https://boxd.it/21QA,2.5
2024-01-29,Star Wars: Episode I – The Phantom Menace,1999,https://boxd.it/27Vc,3
2024-02-02,The Grey,2011,https://boxd.it/2xZE,3
2024-02-02,The Huntsman: Winter's War,2016,https://boxd.it/95wI,2
2024-02-02,The Amazing Spider-Man,2012,https://boxd.it/27PI,3.5
2024-02-02,"tick, tick... BOOM!",2021,https://boxd.it/jz2e,4
2024-02-02,Hacksaw Ridge,2016,https://boxd.it/azew,4
2024-02-02,Silence,2016,https://boxd.it/2cAo,5
2024-02-13,Batman Returns,1992,https://boxd.it/2awa,2
2024-02-13,The Prince of Egypt,1998,https://boxd.it/1XGQ,4
2024-02-13,Sinbad: Legend of the Seven Seas,2003,https://boxd.it/1Oa2,4
2024-02-13,The Deep End of the Ocean,1999,https://boxd.it/1key,2
2024-05-20,Kingdom of the Planet of the Apes,2024,https://boxd.it/ohEE,3.5
2024-05-20,War for the Planet of the Apes,2017,https://boxd.it/8FE2,4.5
2024-05-20,Rise of the Planet of the Apes,2011,https://boxd.it/cS4,4
2024-06-01,Dawn of the Planet of the Apes,2014,https://boxd.it/3XyQ,4.5
2024-06-07,12 Angry Men,1957,https://boxd.it/2auI,4.5
2024-06-07,Edge of Tomorrow,2014,https://boxd.it/4pD0,4
2024-06-07,Oblivion,2013,https://boxd.it/2Bzq,3
2024-06-07,Spielberg,2017,https://boxd.it/gIXC,4
2024-07-15,Prometheus,2012,https://boxd.it/2s9e,4
2024-07-24,The Ballad of Buster Scruggs,2018,https://boxd.it/jB2q,4
2024-07-24,Gangs of New York,2002,https://boxd.it/25FG,3
2024-09-13,Imaginur,2022,https://boxd.it/BDHQ,3
2024-09-13,Blade Runner,1982,https://boxd.it/2bcA,4.5
2024-09-18,All Quiet on the Western Front,2022,https://boxd.it/H08,4
2024-10-07,Incendies,2010,https://boxd.it/Msm,4.5
2024-10-10,Do Re Mi,1966,https://boxd.it/3cAK,3
2024-10-10,Hang Tuah,1956,https://boxd.it/2u46,3
2024-10-10,Contagion,2011,https://boxd.it/13rq,4.5
2024-10-10,Nowhere,2023,https://boxd.it/HypO,0.5
2024-10-12,Enemy,2013,https://boxd.it/5xtO,4
2024-10-12,Fargo,1996,https://boxd.it/2aHM,4
2024-10-20,Tangled,2010,https://boxd.it/15gO,3
2024-10-20,The Croods,2013,https://boxd.it/FRE,2
2024-10-20,The Little Mermaid,1989,https://boxd.it/1WYO,2
2024-10-25,There Will Be Blood,2007,https://boxd.it/20Z2,5
2024-10-26,Grave Torture,2024,https://boxd.it/Glqi,2
2024-11-08,Trap,2024,https://boxd.it/D4nK,3
2024-11-13,Monkey Man,2024,https://boxd.it/kvsO,3.5
2024-11-13,Sangkar,2019,https://boxd.it/mZGA,2
2024-11-13,Avengers: Infinity War,2018,https://boxd.it/9vEe,4
2024-11-16,Citizen Kane,1941,https://boxd.it/71O,4
2024-11-16,Paddington,2014,https://boxd.it/3RKw,4
2024-11-16,Paddington 2,2017,https://boxd.it/bCF8,4
2024-11-16,Despicable Me,2010,https://boxd.it/1DD8,3
2024-11-16,Minions,2015,https://boxd.it/6jCO,3
2024-11-16,Penguins of Madagascar,2014,https://boxd.it/89tc,3.5
2024-11-16,Over the Hedge,2006,https://boxd.it/20QY,2
2024-11-16,The Secret Life of Pets,2016,https://boxd.it/aJ5E,1.5
2024-11-16,Bolt,2008,https://boxd.it/1QXg,3.5
2024-11-16,Hachi: A Dog's Tale,2009,https://boxd.it/1q4a,3.5
2024-11-16,Sicario,2015,https://boxd.it/8i7u,4
2024-11-16,Taxi Driver,1976,https://boxd.it/2b8y,4
2024-11-16,Oppenheimer,2023,https://boxd.it/wUow,4
2024-11-16,Captain America: The Winter Soldier,2014,https://boxd.it/3r58,4
2024-11-16,Miracle in Cell No. 7,2013,https://boxd.it/4Xws,4
2024-11-16,American Psycho,2000,https://boxd.it/28Vs,3
2024-11-16,Avengers: Endgame,2019,https://boxd.it/9vE4,3.5
2024-11-16,Captain America: The First Avenger,2011,https://boxd.it/28b0,3.5
2024-11-16,Spider-Man: No Way Home,2021,https://boxd.it/nwRw,3
2024-11-16,Doctor Strange in the Multiverse of Madness,2022,https://boxd.it/gaTc,2.5
2024-11-16,Star Wars: Episode II – Attack of the Clones,2002,https://boxd.it/27V2,2
2024-11-16,Spider-Man: Into the Spider-Verse,2018,https://boxd.it/azpY,4
2024-11-16,Kung Fu Panda 2,2011,https://boxd.it/G36,3.5
2024-11-16,Black Widow,2021,https://boxd.it/hWV8,1
2024-11-16,Ola Bola,2016,https://boxd.it/d86Q,2
2024-11-16,Nova,2014,https://boxd.it/ajRi,3.5
2024-11-16,Curse of the Oily Man,1958,https://boxd.it/2u3C,2
2024-11-16,Papa's Pet,1968,https://boxd.it/3cBI,3.5
2024-11-16,Nujum Pa' Blalang,1959,https://boxd.it/2u38,2
2024-11-16,Nasib Do Re Mi,1966,https://boxd.it/3cu8,2
2024-11-16,Semerah Padi,1956,https://boxd.it/2u3W,2
2024-11-16,Nasib Si Labu Labi,1963,https://boxd.it/3ctO,2
2024-11-16,Adnan Semp-It,2010,https://boxd.it/6tsE,0.5
2024-11-16,Mat Kilau,2022,https://boxd.it/Bme8,1
2024-11-16,Orang Minyak,2007,https://boxd.it/aKAe,1
2024-11-16,Malek,2018,https://boxd.it/iqN4,3.5
2024-11-16,Papadom,2009,https://boxd.it/68aa,2.5
2024-11-16,Lagenda Budak Setan,2010,https://boxd.it/JSQ,1
2024-11-16,Rock Oo! Rimba Bara Kembali,2013,https://boxd.it/5sro,3
2024-11-16,Rock,2005,https://boxd.it/3lA,3
2024-11-16,Hantu Kak Limah Balik Rumah,2010,https://boxd.it/pGK,3
2024-11-16,Hantu Kak Limah,2018,https://boxd.it/jRlI,2.5
2024-11-16,18 Puasa Di Kampong Pisang,2021,https://boxd.it/uRKK,1.5
2024-11-16,Rock Bro,2016,https://boxd.it/fbrc,2
2024-11-16,Highland Tower,2013,https://boxd.it/6YAE,1
2024-11-16,Jumper,2008,https://boxd.it/20ss,2
2024-11-16,Harry Potter and the Prisoner of Azkaban,2004,https://boxd.it/29Qy,4
2024-11-17,Batman,1989,https://boxd.it/2aIU,3.5
2024-11-17,Batman & Robin,1997,https://boxd.it/2ar0,2
2024-11-17,Superman Returns,2006,https://boxd.it/28J2,3
2024-11-17,Venom,2018,https://boxd.it/b8wA,2
2024-11-17,Road to Ninja: Naruto the Movie,2012,https://boxd.it/3VMG,3.5
2024-11-17,Fullmetal Alchemist: Brotherhood,2009,https://boxd.it/ptii,5
2024-11-17,Boruto: Naruto the Movie,2015,https://boxd.it/bEf2,3
2024-11-17,Naruto Shippuden the Movie: Blood Prison,2011,https://boxd.it/2Bxu,2
2024-11-17,Naruto Shippuden the Movie: Bonds,2008,https://boxd.it/1IqS,3.5
2024-11-17,Naruto Shippuden the Movie,2007,https://boxd.it/1CBg,3
2024-11-17,Loki,2021,https://boxd.it/sbHg,3.5
2024-11-17,Ghost Rider,2007,https://boxd.it/290M,2
2024-11-17,Ayla: The Daughter of War,2017,https://boxd.it/gWyw,4
2024-11-17,Kuch Kuch Hota Hai,1998,https://boxd.it/1SVG,3.5
2024-11-17,Kal Ho Naa Ho,2003,https://boxd.it/24By,3
2024-11-17,The Wolf of Wall Street,2013,https://boxd.it/3C1m,3.5
2024-11-18,Gladiator,2000,https://boxd.it/2b9m,3.5
2024-11-19,About Time,2013,https://boxd.it/43bI,3
2024-11-19,Elvis,2022,https://boxd.it/mK4w,2.5
2024-11-19,The Conjuring,2013,https://boxd.it/4sr2,3
2024-11-19,The Conjuring 2,2016,https://boxd.it/7GJg,3
2024-11-19,Moana,2016,https://boxd.it/8tfY,3
2024-11-19,Frozen II,2019,https://boxd.it/aPvo,2
2024-11-19,A Quiet Place Part II,2020,https://boxd.it/iTx0,2
2024-11-19,Crazy Rich Asians,2018,https://boxd.it/gfnK,2
2024-11-19,Casino,1995,https://boxd.it/2ads,4
2024-11-19,Star Wars: The Rise of Skywalker,2019,https://boxd.it/5xlK,0.5
2024-11-19,Star Wars: Episode III – Revenge of the Sith,2005,https://boxd.it/27US,3
2024-11-19,Star Wars: The Last Jedi,2017,https://boxd.it/5xme,2
2024-11-19,Solo: A Star Wars Story,2018,https://boxd.it/bGWs,3
2024-11-19,Obi-Wan Kenobi,2022,https://boxd.it/yLBA,2
2024-11-19,Ahsoka,2023,https://boxd.it/IhEE,2.5
2024-11-19,The Book of Boba Fett,2021,https://boxd.it/Damy,1
2024-11-19,The Lion King,2019,https://boxd.it/eSjI,2.5
2024-11-19,Elf,2003,https://boxd.it/1VyK,2
2024-11-19,The Jungle Book,2016,https://boxd.it/8wjk,3
2024-11-19,The Jungle Book,1967,https://boxd.it/1YY2,3
2024-11-19,The Jungle Book 2,2003,https://boxd.it/1NcQ,1.5
2024-11-19,The Lion King,1994,https://boxd.it/201Q,3.5
2024-11-19,Inside Out,2015,https://boxd.it/4KHC,3.5
2024-11-19,Pirates of the Caribbean: The Curse of the Black Pearl,2003,https://boxd.it/70G,4
2024-11-19,Zootopia,2016,https://boxd.it/84xS,3.5
2024-11-19,Big Hero 6,2014,https://boxd.it/5rje,3.5
2024-11-19,Wreck-It Ralph,2012,https://boxd.it/2TTS,4
2024-11-19,Lilo & Stitch,2002,https://boxd.it/1TAY,3.5
2024-11-19,The Emperor's New Groove,2000,https://boxd.it/1Tey,2
2024-11-19,The Princess and the Frog,2009,https://boxd.it/1WQq,4
2024-11-19,A Bug's Life,1998,https://boxd.it/1Yyy,3
2024-11-19,Beauty and the Beast,2017,https://boxd.it/ar0c,2.5
2024-11-19,Maleficent,2014,https://boxd.it/3v1u,2
2024-11-19,Ralph Breaks the Internet,2018,https://boxd.it/edAy,3.5
2024-11-19,Aladdin,2019,https://boxd.it/eSjy,1
2024-11-19,Enchanted,2007,https://boxd.it/24co,2
2024-11-19,Tarzan,1999,https://boxd.it/18YO,3.5
2024-11-19,Pirates of the Caribbean: On Stranger Tides,2011,https://boxd.it/27Z4,3
2024-11-19,Pirates of the Caribbean: Dead Men Tell No Tales,2017,https://boxd.it/5a9m,3
2024-11-19,Pocahontas,1995,https://boxd.it/1W2g,2.5
2024-11-19,Chicken Little,2005,https://boxd.it/1Xnu,2
2024-11-19,TRON: Legacy,2010,https://boxd.it/1Dlo,4
2024-11-19,Maleficent: Mistress of Evil,2019,https://boxd.it/eSig,1.5
2024-11-19,The Magnificent Seven,2016,https://boxd.it/aZAy,3.5
2024-11-19,The Equalizer 3,2023,https://boxd.it/yU54,2
2024-11-19,2 Guns,2013,https://boxd.it/4oAk,3
2024-11-19,Stepmom,1998,https://boxd.it/1YFO,3
2024-11-19,Men of Honor,2000,https://boxd.it/1SCE,3.5
2024-11-19,Jackie Brown,1997,https://boxd.it/2aVO,3
2024-11-19,Atomic Blonde,2017,https://boxd.it/blDk,2
2024-11-19,The Chronicles of Narnia: Prince Caspian,2008,https://boxd.it/26Hy,3
2024-11-19,The Chronicles of Narnia: The Voyage of the Dawn Treader,2010,https://boxd.it/1WZs,2
2024-11-19,Astro Boy,2009,https://boxd.it/1JVW,3
2024-11-19,The Boss Baby,2017,https://boxd.it/9mfO,0.5
2024-11-19,Storks,2016,https://boxd.it/aUo8,2
2024-11-19,The Mitchells vs. the Machines,2021,https://boxd.it/i7xm,4
2024-11-19,The Croods: A New Age,2020,https://boxd.it/jeHK,1.5
2024-11-19,The Watchers,2024,https://boxd.it/F6Rw,1
2024-11-19,The Age of Adaline,2015,https://boxd.it/9ghu,2.5
2024-11-19,Ender's Game,2013,https://boxd.it/2N9Y,3
2024-11-19,Cowboys & Aliens,2011,https://boxd.it/F2G,3
2024-11-19,Fight Club,1999,https://boxd.it/2a9q,3.5
2024-11-19,What Happened to Monday,2017,https://boxd.it/ejUu,2
2024-11-19,Source Code,2011,https://boxd.it/fdo,3.5
2024-11-19,Brothers,2009,https://boxd.it/20WW,4
2024-11-19,October Sky,1999,https://boxd.it/1Q7u,3.5
2024-11-19,Detachment,2011,https://boxd.it/2BiY,3.5
2024-11-19,King Kong,2005,https://boxd.it/2aLa,4
2024-11-19,Hannibal,2001,https://boxd.it/1XVc,2
2024-11-19,The Mask of Zorro,1998,https://boxd.it/1YVi,3
2024-11-19,The Legend of Zorro,2005,https://boxd.it/28nq,3
2024-11-19,The Three Musketeers,1993,https://boxd.it/1Xc2,3
2024-11-19,The Man in the Iron Mask,1998,https://boxd.it/1YZO,2
2024-11-20,The Invisible Man,2020,https://boxd.it/kWlA,3.5
2024-11-20,Jurassic World,2015,https://boxd.it/4n0g,2
2024-11-20,Ted,2012,https://boxd.it/2pgc,1
2024-11-20,The Fast and the Furious,2001,https://boxd.it/1XMu,3
2024-11-20,The Fast and the Furious: Tokyo Drift,2006,https://boxd.it/1Yeo,1
2024-11-20,2 Fast 2 Furious,2003,https://boxd.it/2a4g,3
2024-11-20,Fast Five,2011,https://boxd.it/BgO,3
2024-11-20,Furious 7,2015,https://boxd.it/5cVs,2.5
2024-11-20,Fast & Furious 6,2013,https://boxd.it/2UG6,2
2024-11-20,Fast & Furious Presents: Hobbs & Shaw,2019,https://boxd.it/dnDA,2
2024-11-20,Transporter 2,2005,https://boxd.it/1YWq,2
2024-11-20,The Transporter,2002,https://boxd.it/24Nu,2
2024-11-20,The Meg,2018,https://boxd.it/bAL4,2
2024-11-20,The Expendables,2010,https://boxd.it/1rtA,2
2024-11-20,xXx,2002,https://boxd.it/20VY,1
2024-11-20,Die Hard,1988,https://boxd.it/2a7u,3
2024-11-20,Skyscraper,2018,https://boxd.it/fVqa,2
2024-11-20,The Enemy Within,1994,https://boxd.it/iOC,3.5
2024-11-20,Portrait of God,2022,https://boxd.it/CSom,4
2024-11-20,"nothing, except everything.",2023,https://boxd.it/GJqw,1
2024-11-20,Grave Torture,2012,https://boxd.it/dQEM,2
2024-11-20,Kongsi,2011,https://boxd.it/3ou,1
2024-11-20,Insidious,2010,https://boxd.it/H4k,2.5
2024-11-20,Insidious: Chapter 2,2013,https://boxd.it/3dqc,2
2024-11-20,Insidious: Chapter 3,2015,https://boxd.it/8BkM,1
2024-11-20,Insidious: The Red Door,2023,https://boxd.it/mIIu,1
2024-11-20,Insidious: The Last Key,2018,https://boxd.it/ej2C,1
2024-11-20,The Collection,2012,https://boxd.it/4lKm,1
2024-11-20,A Nightmare on Elm Street,2010,https://boxd.it/1zdg,1
2024-11-20,It,2017,https://boxd.it/bC8e,3
2024-11-20,Crazy Eights,2006,https://boxd.it/1KRQ,2
2024-11-20,D@bbe: The Possession,2013,https://boxd.it/7upI,2
2024-11-20,D@bbe: Curse of the Jinn,2014,https://boxd.it/9dG2,1
2024-11-20,Cast Away,2000,https://boxd.it/20i8,4
2024-11-20,The Midnight Sky,2020,https://boxd.it/mK6C,2
2024-11-20,Independence Day: Resurgence,2016,https://boxd.it/JwK,1
2024-11-20,Knowing,2009,https://boxd.it/1Pmy,3.5
2024-11-20,2001: A Space Odyssey,1968,https://boxd.it/2bf0,5
2024-11-21,Godzilla,2014,https://boxd.it/47OE,3.5
2024-11-21,Godzilla: King of the Monsters,2019,https://boxd.it/cY7Y,1.5
2024-11-21,47 Ronin,2013,https://boxd.it/Jk,2
2024-11-21,Unstoppable,2018,https://boxd.it/kiCc,3
2024-11-24,Magnolia,1999,https://boxd.it/2aze,5
2024-11-25,Kung Fu Hustle,2004,https://boxd.it/1YBi,4
2024-11-25,Shaolin Soccer,2001,https://boxd.it/1T86,3
2024-11-25,CJ7,2008,https://boxd.it/1PCG,4
2024-11-25,Warm Bodies,2013,https://boxd.it/2TFm,2.5
2024-11-26,The Terminator,1984,https://boxd.it/2aQY,3
2024-11-26,Terminator 3: Rise of the Machines,2003,https://boxd.it/2aES,3
2024-11-26,Terminator Salvation,2009,https://boxd.it/2abQ,2
2024-11-26,Transformers: Rise of the Beasts,2023,https://boxd.it/oQTa,1.5
2024-11-26,Schindler's List,1993,https://boxd.it/2aq2,4.5
2024-11-26,The Dictator,2012,https://boxd.it/2DEW,0.5
2024-11-26,The Dark Knight Rises,2012,https://boxd.it/H3m,3.5
2024-11-26,Batman Begins,2005,https://boxd.it/2aIg,4
2024-11-26,A Monster Calls,2016,https://boxd.it/7DjE,2.5
2024-11-27,The Godfather Part III,1990,https://boxd.it/2aN6,3
2024-11-27,Star Wars: Tales of the Jedi,2022,https://boxd.it/DmaE,2
2024-11-28,The Equalizer 2,2018,https://boxd.it/bAEW,3.5
2024-11-28,The Mist,2007,https://boxd.it/22r2,3.5
2024-11-28,The Raid 2,2014,https://boxd.it/5uz0,3.5
2024-11-28,The Raid,2011,https://boxd.it/3hBy,3.5
2024-11-28,Toy Story 2,1999,https://boxd.it/29qq,4
2024-11-28,The Reader,2008,https://boxd.it/20Dq,3
2024-11-28,Her,2013,https://boxd.it/4O24,3.5
2024-11-29,Godzilla × Kong: The New Empire,2024,https://boxd.it/v1PK,2
2024-11-29,Miss Peregrine's Home for Peculiar Children,2016,https://boxd.it/8KPu,3.5
2024-11-30,Frankenweenie,2012,https://boxd.it/bPS,3.5
2024-12-02,The Revenant,2015,https://boxd.it/8H5e,3.5
2024-12-02,Kung Fu Panda,2008,https://boxd.it/1Yws,3
2024-12-02,Creed II,2018,https://boxd.it/hgl8,3
2024-12-02,Cinema Paradiso,1988,https://boxd.it/1UlA,4
2024-12-02,Insurgent,2015,https://boxd.it/7NNa,2
2024-12-02,Divergent,2014,https://boxd.it/4VT0,2
2024-12-02,RoboCop,1987,https://boxd.it/22Wu,3
2024-12-02,Django Unchained,2012,https://boxd.it/2cCk,4
2024-12-02,The Notebook,2004,https://boxd.it/1UNE,3
2024-12-02,Your Name.,2016,https://boxd.it/cUqs,3.5
2024-12-02,Pan's Labyrinth,2006,https://boxd.it/28No,4
2024-12-02,Assassin's Creed,2016,https://boxd.it/41IK,2
2024-12-02,The Devil All the Time,2020,https://boxd.it/i2tY,4
2024-12-02,Gravity,2013,https://boxd.it/GZY,3
2024-12-03,The Ten Commandments,1956,https://boxd.it/21mg,4
2024-12-03,The Blind Side,2009,https://boxd.it/1zWg,3.5
2024-12-04,The Killer,2023,https://boxd.it/u6WE,3.5
2024-12-04,Mank,2020,https://boxd.it/mIuC,3
2024-12-04,3 Idiots,2009,https://boxd.it/1Dsa,4
2024-12-04,Monsters vs Aliens,2009,https://boxd.it/1M50,3
2024-12-04,Star Wars: The Clone Wars,2008,https://boxd.it/1Sly,2
2024-12-04,Shrek the Third,2007,https://boxd.it/29yY,2.5
2024-12-04,Monster House,2006,https://boxd.it/1Z2e,3
2024-12-04,Brokeback Mountain,2005,https://boxd.it/2b2q,3
2024-12-04,Shrek 2,2004,https://boxd.it/29z8,2.5
2024-12-04,The Wait,2020,https://boxd.it/vvwy,2
2024-12-04,Monsters University,2013,https://boxd.it/bQm,4
2024-12-05,Gifted,2017,https://boxd.it/e5dG,3.5
2024-12-06,Full Metal Jacket,1987,https://boxd.it/2a1Q,4
2024-12-07,Lawrence of Arabia,1962,https://boxd.it/2wRE,3.5
2024-12-08,Barry Lyndon,1975,https://boxd.it/25A2,5
2024-12-09,Lion,2016,https://boxd.it/b2La,3.5
2024-12-10,The Undoing,2020,https://boxd.it/rlRo,3.5
2024-12-10,The Happening,2008,https://boxd.it/200o,2
2024-12-11,Cicakman 2: Planet Hitam,2008,https://boxd.it/3vc8,1
2024-12-11,Clash of Empires: The Battle for Asia,2011,https://boxd.it/c02,1
2024-12-11,Just Mercy,2019,https://boxd.it/iXj2,3
2024-12-11,Glass Onion,2022,https://boxd.it/oCkK,3.5
2024-12-15,Hereditary,2018,https://boxd.it/hNVe,4.5
2024-12-15,White Noise,2022,https://boxd.it/rXgK,3.5
2024-12-16,Marvel One-Shot: All Hail the King,2014,https://boxd.it/7suG,2
2024-12-16,The Invincible Iron Man,2007,https://boxd.it/1PIO,3.5
2024-12-17,Ripley,2024,https://boxd.it/LT5S,5
2024-12-18,Batman: Mask of the Phantasm,1993,https://boxd.it/1N6S,4.5
2024-12-18,"Batman: The Dark Knight Returns, Part 1",2012,https://boxd.it/43Is,4
2024-12-18,"Batman: The Long Halloween, Part One",2021,https://boxd.it/rCIe,4
2024-12-18,Batman: Hush,2019,https://boxd.it/jyDI,4
2024-12-18,Injustice,2021,https://boxd.it/vlOW,3.5
2024-12-18,DC Showcase - Batman: Death in the Family,2020,https://boxd.it/mSfW,3
2024-12-18,"Batman: The Long Halloween, Part Two",2021,https://boxd.it/rCI4,3
2024-12-18,Batman: The Killing Joke,2016,https://boxd.it/djxe,2
2024-12-19,Ben-Hur,1959,https://boxd.it/29RQ,4.5
2024-12-19,Bird Box,2018,https://boxd.it/eh1i,2.5
2024-12-19,Alien: Covenant,2017,https://boxd.it/49UY,2
2024-12-19,Cape Fear,1991,https://boxd.it/28vu,3
2024-12-19,School of Rock,2003,https://boxd.it/28xK,2.5
2024-12-20,Children of Men,2006,https://boxd.it/1Y2i,5
2024-12-20,Jigsaw,2017,https://boxd.it/9sDs,0.5
2024-12-21,Juror #2,2024,https://boxd.it/FRwU,3
2024-12-22,Transformers One,2024,https://boxd.it/q7bc,3.5
2024-12-25,Hellboy,2004,https://boxd.it/28HK,3
2024-12-25,Hellboy II: The Golden Army,2008,https://boxd.it/1Ug6,3.5
2024-12-25,Hellboy,2019,https://boxd.it/gjaA,2
2024-12-26,Bumblebee,2018,https://boxd.it/f21O,3
2024-12-29,Watchmen,2009,https://boxd.it/1QE4,3.5
2024-12-30,Bajrangi Bhaijaan,2015,https://boxd.it/bIbo,3.5
2024-12-31,300,2006,https://boxd.it/28XI,3
2024-12-31,The Hunger Games: Mockingjay – Part 2,2015,https://boxd.it/4hk0,3
2024-12-31,The Hunger Games: Mockingjay – Part 1,2014,https://boxd.it/4hka,3
2024-12-31,The Hunger Games: Catching Fire,2013,https://boxd.it/3sAw,3.5
2024-12-31,The Wolverine,2013,https://boxd.it/2CWU,3
2024-12-31,Begin Again,2013,https://boxd.it/5Ybs,3
2024-12-31,Cloudy with a Chance of Meatballs,2009,https://boxd.it/1A40,3.5
2024-12-31,Cars,2006,https://boxd.it/29ho,4
2024-12-31,Brave,2012,https://boxd.it/bVG,4.5
2025-01-01,Ipar Adalah Maut,2024,https://boxd.it/IMw2,1
2025-01-01,Despicable Me 2,2013,https://boxd.it/3gg0,3.5
2025-01-03,Survival Family,2016,https://boxd.it/fefI,4
2025-01-03,Raging Bull,1980,https://boxd.it/28yI,5
2025-01-04,The Seventh Seal,1957,https://boxd.it/2ahO,5
2025-01-05,Gran Turismo,2023,https://boxd.it/B2lS,3
2025-01-06,I Know This Much Is True,2020,https://boxd.it/pVeo,5
2025-01-07,Story of Kale: When Someone's in Love,2020,https://boxd.it/rigu,1
2025-01-09,The Art of Self-Defense,2019,https://boxd.it/hf5y,3
2025-01-09,Fantastic Beasts: The Secrets of Dumbledore,2022,https://boxd.it/bg8Q,3
2025-01-09,Fantastic Beasts: The Crimes of Grindelwald,2018,https://boxd.it/bg8G,2
2025-01-10,Abang Long Fadil 2,2017,https://boxd.it/hjSO,0.5
2025-01-27,Hustle,2022,https://boxd.it/qpig,4
2025-01-29,Harry Potter and the Order of the Phoenix,2007,https://boxd.it/29Qe,4
2025-02-02,The Man from Toronto,2022,https://boxd.it/oRgS,1
2025-02-02,Sheriff,2024,https://boxd.it/JU56,2.5
2025-02-02,Godzilla Minus One,2023,https://boxd.it/zu4c,4
2025-02-02,Once Upon a Time... in Hollywood,2019,https://boxd.it/gH0O,4.5
2025-02-02,The Lighthouse,2019,https://boxd.it/icFU,4
2025-02-04,The Wild Robot,2024,https://boxd.it/IWFy,4
2025-02-08,Anuja,2024,https://boxd.it/PHoQ,3.5
2025-02-10,The Girl on the Train,2016,https://boxd.it/bCJY,1
2025-02-10,Dune: Part Two,2024,https://boxd.it/pUfA,5
2025-02-11,Closing Dynasty,2022,https://boxd.it/BiFk,3
2025-02-12,Ford v Ferrari,2019,https://boxd.it/ce74,4.5
2025-02-12,Arrival,2016,https://boxd.it/aNGk,4
2025-02-15,Brightburn,2019,https://boxd.it/jk58,1
2025-02-17,The Little Things,2021,https://boxd.it/mdxU,2
2025-02-23,The Wizard of Lies,2017,https://boxd.it/cB7m,3.5
2025-02-24,Don't F**k with Cats: Hunting an Internet Killer,2019,https://boxd.it/oqjq,1
2025-02-25,Civil War,2024,https://boxd.it/z1jW,3.5
2025-02-26,Mad Max: Fury Road,2015,https://boxd.it/2DjO,5
2025-02-26,The Witch,2015,https://boxd.it/9X0m,5
2025-02-26,The Northman,2022,https://boxd.it/nK2s,4
2025-02-27,Abang Adik,2023,https://boxd.it/CSNG,2.5
2025-03-02,Spirited Away,2001,https://boxd.it/2b4m,5
2025-03-06,The Brutalist,2024,https://boxd.it/k4BO,3.5
2025-03-06,Dune,2021,https://boxd.it/fA7G,4.5
2025-03-07,La La Land,2016,https://boxd.it/a5fa,5
2025-03-08,Flow,2024,https://boxd.it/v1Ei,3.5
2025-03-09,A Different Man,2024,https://boxd.it/BoEC,5
2025-03-09,Parasite,2019,https://boxd.it/hTha,5
2025-03-12,Autumn Sonata,1978,https://boxd.it/1Rio,5
2025-03-19,Night at the Museum: Secret of the Tomb,2014,https://boxd.it/5x3m,3
2025-04-04,Holland,2025,https://boxd.it/7Axy,2
2025-04-04,Friends: The Reunion,2021,https://boxd.it/pOQq,4
2025-04-06,Mission: Impossible – Fallout,2018,https://boxd.it/bSVc,4
2025-04-08,Thor: Love and Thunder,2022,https://boxd.it/mMAY,1
2025-04-08,Shang-Chi and the Legend of the Ten Rings,2021,https://boxd.it/kLDI,2.5
2025-04-08,Captain Marvel,2019,https://boxd.it/9vSA,2.5
2025-04-08,Black Panther,2018,https://boxd.it/8MHs,2.5
2025-04-08,Spider-Man: Far From Home,2019,https://boxd.it/fegG,2.5
2025-04-08,Iron Man 2,2010,https://boxd.it/1WZM,3
2025-04-08,The Shining,1980,https://boxd.it/29Nu,4
2025-04-11,Cicakman,2006,https://boxd.it/2va0,1
2025-04-18,The Master,2012,https://boxd.it/2cBG,5
2025-04-20,The Avengers,2012,https://boxd.it/1xFW,4
2025-04-20,Primal Fear,1996,https://boxd.it/28ws,4
2025-04-20,The Shawshank Redemption,1994,https://boxd.it/2aHi,4
2025-04-22,The Peanuts Movie,2015,https://boxd.it/6Jci,4
2025-04-22,Machete,2010,https://boxd.it/1yXW,2.5
2025-04-22,Return of the Jedi,1983,https://boxd.it/27Vm,4
2025-04-22,Terminator 2: Judgment Day,1991,https://boxd.it/2aGY,4
2025-04-22,Death to Smoochy,2002,https://boxd.it/1Z5M,3
2025-04-22,Zombi Kampung Pisang,2007,https://boxd.it/sU6,3
2025-04-24,Lincoln,2012,https://boxd.it/2n2s,4
2025-04-25,Stranger Than Fiction,2006,https://boxd.it/28Za,3
2025-04-25,A Man Called Otto,2022,https://boxd.it/zl06,3
2025-04-26,Mukhsin,2006,https://boxd.it/3ZH6,5
2025-05-02,Speed,1994,https://boxd.it/28qk,3.5
2025-05-03,Talentime,2009,https://boxd.it/C6q,4.5
2025-05-04,The Shadow Strays,2024,https://boxd.it/HySw,2
2025-05-09,Get Out,2017,https://boxd.it/eOCm,3.5
2025-05-12,Istanbul Aku Datang!,2012,https://boxd.it/4F9q,3
2025-05-12,Saya Amat Mencintaimu,2012,https://boxd.it/4k3Q,2
2025-05-12,"Hantu Kak Limah 2: Husin, Mon dan Jin Pakai Toncit",2013,https://boxd.it/5n90,2.5
2025-05-12,Harry Potter and the Half-Blood Prince,2009,https://boxd.it/29FU,4
2025-05-12,Before Sunrise,1995,https://boxd.it/2bcU,4.5
2025-05-19,Surf's Up,2007,https://boxd.it/1YKY,3
2025-05-24,Mission: Impossible – The Final Reckoning,2025,https://boxd.it/l7A2,4
2025-05-26,Grave of the Fireflies,1988,https://boxd.it/1RUM,5
2025-05-30,Toy Story 3,2010,https://boxd.it/1WRe,4
2025-06-01,Reversi,2024,https://boxd.it/JMgq,1.5
2025-06-04,The Curious Case of Benjamin Button,2008,https://boxd.it/23Fk,3.5
2025-06-05,Speak No Evil,2024,https://boxd.it/G9f8,2
2025-06-05,The Hateful Eight,2015,https://boxd.it/8gw8,4
2025-06-05,Mickey 17,2025,https://boxd.it/q1Dk,3.5
2025-06-05,A Beautiful Mind,2001,https://boxd.it/2amk,4
2025-06-06,American Beauty,1999,https://boxd.it/71Y,5
2025-06-07,Revolutionary Road,2008,https://boxd.it/24Le,4
2025-06-21,Blade Runner 2049,2017,https://boxd.it/b8wK,4.5
2025-06-21,GoodFellas,1990,https://boxd.it/29FA,4.5
2025-06-21,Out of Sight,1998,https://boxd.it/28R6,3.5
2025-06-27,Outside the Wire,2021,https://boxd.it/taq6,2
2025-06-29,Nosferatu,2024,https://boxd.it/f5eG,4
2025-06-29,Despicable Me 4,2024,https://boxd.it/iOLG,2
2025-06-29,Squid Game,2021,https://boxd.it/x1OG,2
2025-06-30,Jack the Giant Slayer,2013,https://boxd.it/2Pwq,2.5
2025-06-30,12 Years a Slave,2013,https://boxd.it/2D2e,4.5
2025-06-30,Man of Steel,2013,https://boxd.it/FRk,3
2025-06-30,Mission: Impossible,1996,https://boxd.it/29d2,4
2025-07-01,The Lord of the Rings: The War of the Rohirrim,2024,https://boxd.it/vDNs,2
2025-07-02,Thunderbolts*,2025,https://boxd.it/BfbQ,3.5
2025-07-04,Mission: Impossible – Ghost Protocol,2011,https://boxd.it/psI,4
2025-07-04,Mission: Impossible III,2006,https://boxd.it/29cI,4
2025-07-04,The Lego Batman Movie,2017,https://boxd.it/azp0,4
2025-07-05,Vanilla Sky,2001,https://boxd.it/27TK,4
2025-07-07,Sinners,2025,https://boxd.it/KQMM,4
2025-07-13,Baby Driver,2017,https://boxd.it/bhF2,4
2025-07-15,Decision to Leave,2022,https://boxd.it/qp9e,5
2025-07-15,The Night Of,2016,https://boxd.it/eC1I,4
2025-07-15,The Lego Movie,2014,https://boxd.it/4pDO,4
2025-07-18,The New World,2005,https://boxd.it/1TVW,3.5
2025-07-18,The Fall Guy,2024,https://boxd.it/s0Bm,3
2025-07-19,Spider-Man: Homecoming,2017,https://boxd.it/aboM,3.5
2025-07-20,Mogul Mowgli,2020,https://boxd.it/oMpq,4
2025-07-21,Anora,2024,https://boxd.it/Egcw,3.5
2025-07-21,A Minecraft Movie,2025,https://boxd.it/zRro,0.5
2025-07-21,Barbie,2023,https://boxd.it/bCLK,4
2025-07-22,How to Make Millions Before Grandma Dies,2024,https://boxd.it/FLa4,5
2025-07-26,100 Yen Love,2014,https://boxd.it/a8tk,3.5
2025-07-26,Drive,2023,https://boxd.it/vCr6,2
2025-07-26,"Like Father, Like Son",2013,https://boxd.it/5rQs,5
2025-07-27,The Dark Knight,2008,https://boxd.it/2b0k,4.5
2025-07-27,A Family,2020,https://boxd.it/rCMg,3.5
2025-07-27,KL Zombie,2013,https://boxd.it/6tAe,1
2025-07-28,Dune,1984,https://boxd.it/29tY,3
2025-07-29,Y Tu Mamá También,2001,https://boxd.it/28QM,4.5
2025-07-31,The Nightmare Before Christmas,1993,https://boxd.it/1YzQ,4
2025-07-31,Hope,2013,https://boxd.it/7x5Q,5
2025-08-03,Late Night with the Devil,2023,https://boxd.it/zo6G,3
2025-08-04,The Exorcist,1973,https://boxd.it/1Yoo,4
2025-08-08,Deadpool & Wolverine,2024,https://boxd.it/jq8s,1.5
2025-08-08,Shoplifters,2018,https://boxd.it/ifY6,5
2025-08-08,Munich,2005,https://boxd.it/2a0e,2
2025-08-08,Dearest,2014,https://boxd.it/8Nak,4
2025-08-09,Brick,2025,https://boxd.it/SITw,1
2025-08-13,Blood Brothers: Bara Naga,2025,https://boxd.it/MKZk,2.5
2025-08-14,A Monster in Paris,2011,https://boxd.it/2Ghc,4
2025-08-14,Spotlight,2015,https://boxd.it/a84k,5
2025-08-14,The Cobbler,2014,https://boxd.it/70XA,2
2025-08-15,Kahar: Kapla High Council,2024,https://boxd.it/NKbm,2
2025-08-19,Babah,2024,https://boxd.it/Rkrm,2
2025-08-19,Diary of a Wimpy Kid: Dog Days,2012,https://boxd.it/2TG0,3
2025-08-23,Presumed Innocent,1990,https://boxd.it/1UEW,4
2025-08-29,Tabula Rasa,2014,https://boxd.it/cX24,4.5
2025-09-02,Train to Busan,2016,https://boxd.it/dSQU,4
2025-09-10,Allied,2016,https://boxd.it/cP42,4
2025-09-12,The Hunger Games,2012,https://boxd.it/2uds,3.5
2025-09-15,1942: A Love Story,1994,https://boxd.it/1g3G,3
2025-09-19,No Time to Die,2021,https://boxd.it/cPX2,3.5
2025-09-20,Tomb Raider,2018,https://boxd.it/bgbA,2
2025-09-20,Madagascar: Escape 2 Africa,2008,https://boxd.it/1W2K,3
2025-09-20,Madagascar,2005,https://boxd.it/29dc,4
2025-09-20,Bee Movie,2007,https://boxd.it/22Vw,2
2025-09-20,Shrek Forever After,2010,https://boxd.it/1WRo,3
2025-09-20,Puss in Boots,2011,https://boxd.it/eL34,3
2025-09-20,Trolls,2016,https://boxd.it/4p8Q,1
2025-09-20,Antz,1998,https://boxd.it/1ZB4,3.5
2025-09-20,Captain Underpants: The First Epic Movie,2017,https://boxd.it/8312,3
2025-09-21,Puss in Boots: The Last Wish,2022,https://boxd.it/aaie,4
2025-09-21,Time Still Turns the Pages,2023,https://boxd.it/Aap2,4
2025-09-23,Bloodhounds,2023,https://boxd.it/H1qY,4
2025-09-23,Elemental,2023,https://boxd.it/ASiE,3
2025-09-24,The Taking of Deborah Logan,2014,https://boxd.it/9r3o,2.5
2025-09-28,Kung Fu Panda 3,2016,https://boxd.it/4uRQ,2
2025-09-28,Kung Fu Panda 4,2024,https://boxd.it/CepE,1.5
2025-09-30,Superman,2025,https://boxd.it/E9IU,3.5
2025-10-01,A Bronx Tale,1993,https://boxd.it/28uQ,3.5
2025-10-03,The Conjuring: The Devil Made Me Do It,2021,https://boxd.it/eXZY,2
2025-10-08,Phantom Thread,2017,https://boxd.it/e4uc,5
2025-10-10,A Separation,2011,https://boxd.it/gvo,5
2025-10-17,One Battle After Another,2025,https://boxd.it/DUHM,5
2025-10-17,No Other Choice,2025,https://boxd.it/nKiA,5
2025-10-19,Ne Zha 2,2025,https://boxd.it/B2qe,3.5
2025-10-21,My Rainy Days,2009,https://boxd.it/TYE,3.5
2025-10-24,Cure,1997,https://boxd.it/1blA,5
2025-10-24,The Iron Claw,2023,https://boxd.it/w5Pm,4
2025-10-24,Weapons,2025,https://boxd.it/EMTM,4
2025-10-25,The Long Walk,2025,https://boxd.it/mic8,3
2025-10-26,"Sorry, Baby",2025,https://boxd.it/JKNi,4.5
2025-10-26,Captain America: Brave New World,2025,https://boxd.it/uYDm,2
2025-10-26,Anemone,2025,https://boxd.it/QxVi,2.5
2025-10-30,Home Alone,1990,https://boxd.it/29Fg,4
2025-11-01,F1,2025,https://boxd.it/yjVM,4
2025-11-05,Sound of Metal,2019,https://boxd.it/i7Q4,4.5
2025-11-06,The Fantastic 4: First Steps,2025,https://boxd.it/mP6C,3.5
2025-11-14,Amadeus,1984,https://boxd.it/2aH8,5
2025-11-19,Monster,2004,https://boxd.it/py6Q,5
2025-11-24,EXIT,2019,https://boxd.it/l07i,2
2025-11-28,The Interpreter,2005,https://boxd.it/2aWs,1.5
2025-11-29,Ransom,1996,https://boxd.it/258s,4
2025-11-30,Sisu: Road to Revenge,2025,https://boxd.it/Ksny,1
2025-12-05,Frankenstein,2025,https://boxd.it/Ecsg,4
2025-12-06,Bugonia,2025,https://boxd.it/qeWY,4.5
2025-12-07,Sentimental Value,2025,https://boxd.it/GwcG,5
2025-12-07,Punch-Drunk Love,2002,https://boxd.it/20E4,4.5
2025-12-07,In the Mood for Love,2000,https://boxd.it/29tE,5
2025-12-07,Adventure Time: Fionna and Cake,2023,https://boxd.it/IWU4,3.5
2025-12-07,Adventure Time: Stakes,2015,https://boxd.it/wNju,3.5
2025-12-10,Jujutsu Kaisen 0,2021,https://boxd.it/uvFS,3
2025-12-10,Dragon Ball Z: Resurrection 'F',2015,https://boxd.it/9GCI,2
2025-12-20,Wake Up Dead Man,2025,https://boxd.it/uAKS,4
2025-12-24,The Lorax,2012,https://boxd.it/2w9M,3
2025-12-28,Monster,2023,https://boxd.it/DJEM,4.5
2026-01-27,Ran,1985,https://boxd.it/1Tlu,5
2026-01-27,Falling in Love Like in Movies,2023,https://boxd.it/EDQY,4.5
2026-01-27,Sore: A Wife from the Future,2025,https://boxd.it/RjY0,5
2026-02-12,Cell,2016,https://boxd.it/5cGC,0.5
2026-02-13,No Reservations,2007,https://boxd.it/256w,2.5
2026-02-19,BlacKkKlansman,2018,https://boxd.it/hxL8,3.5
2026-03-18,Edge of the World,2021,https://boxd.it/un82,1
2026-03-27,Sabotage,2014,https://boxd.it/4Bk0,1
2026-03-28,The November Man,2014,https://boxd.it/7uYS,1.5
2026-03-28,Tazza: The Hidden Card,2014,https://boxd.it/96iW,3
2026-04-05,Yi Yi,2000,https://boxd.it/1vCw,5
2026-04-10,Raise the Red Lantern,1991,https://boxd.it/1WlC,5
2026-04-11,Sandiwara,2026,https://boxd.it/ZnH4,1.5
2026-04-24,First Reformed,2017,https://boxd.it/go9C,5
2026-04-25,The Mummy,2017,https://boxd.it/8HnW,1
2026-05-08,Drive My Car,2021,https://boxd.it/sv94,5
2026-05-16,Days of Heaven,1978,https://boxd.it/1JRg,4
2026-05-19,The Chair,2022,https://boxd.it/Giee,3.5
2026-05-19,Fury,2014,https://boxd.it/6JwC,4
2026-05-19,Training Day,2001,https://boxd.it/27A4,3.5
2026-05-21,Bohemian Rhapsody,2018,https://boxd.it/f1TK,1.5
2026-05-21,World War Z,2013,https://boxd.it/2p2E,1
2026-05-21,Kubo and the Two Strings,2016,https://boxd.it/a4wE,4
2026-05-21,ParaNorman,2012,https://boxd.it/2FuY,4.5
2026-05-21,The Boxtrolls,2014,https://boxd.it/5grw,3
2026-05-21,Rio 2,2014,https://boxd.it/5jfy,2
2026-06-03,Andor: A Disney+ Day Special Look,2022,https://boxd.it/CDne,5
2026-06-06,Colony,2026,https://boxd.it/QXtO,2
2026-06-13,Michael,2026,https://boxd.it/zi5M,2
2026-06-13,Project Hail Mary,2026,https://boxd.it/pEeQ,4
2026-06-17,Kiss the Girls,1997,https://boxd.it/1YGs,3
